sample_name,description,category,violation_type,type,link
jomok_109.webp,,safe,,image,https://www.instagram.com/p/DTFfsLwjy0y/
jomok_11.webp,,safe,,image,https://www.instagram.com/p/DRldLcMEq3e/
jomok_110.webp,,safe,,image,https://www.instagram.com/p/DTFfsLwjy0y/
jomok_112.webp,,safe,,image,https://www.instagram.com/p/DTFfsLwjy0y/
jomok_113.webp,,safe,,image,https://www.instagram.com/p/DTFfsLwjy0y/
jomok_119.webp,,safe,,image,https://www.instagram.com/p/DTPZvmoEYxR/
jomok_120.webp,,safe,,image,https://www.instagram.com/p/DTP8aDfkgYm/
jomok_122.webp,,safe,,image,https://www.instagram.com/p/DTP8aDfkgYm/
jomok_126.webp,,safe,,image,https://www.instagram.com/p/DTQaCvwjyS1/
jomok_13.webp,,safe,,image,https://www.instagram.com/p/DRmWoCYgWq0/
jomok_132.webp,,safe,,image,https://www.instagram.com/p/DTcbAiflJR1/
jomok_133.webp,,safe,,image,https://www.instagram.com/p/DTcbAiflJR1/
jomok_134.webp,,safe,,image,https://www.instagram.com/p/DTcbAiflJR1/
jomok_135.webp,,safe,,image,https://www.instagram.com/p/DTcbAiflJR1/
jomok_136.webp,,safe,,image,https://www.instagram.com/p/DTcbAiflJR1/
jomok_137.webp,,safe,,image,https://www.instagram.com/p/DTcbAiflJR1/
jomok_138.webp,,safe,,image,https://www.instagram.com/p/DTcbAiflJR1/
jomok_139.webp,,safe,,image,https://www.instagram.com/p/DTcbAiflJR1/
jomok_14.webp,,safe,,image,https://www.instagram.com/p/DRoFcrqgRir/
jomok_140.webp,,safe,,image,https://www.instagram.com/p/DTcbAiflJR1/
jomok_141.webp,,safe,,image,https://www.instagram.com/p/DTcbAiflJR1/
jomok_142.webp,,safe,,image,https://www.instagram.com/p/DTcbAiflJR1/
jomok_143.webp,,safe,,image,https://www.instagram.com/p/DTcbAiflJR1/
jomok_144.webp,,safe,,image,https://www.instagram.com/p/DTcbAiflJR1/
jomok_147.webp,,safe,,image,https://www.instagram.com/p/DTfeNl2j6-H/
jomok_149.webp,,safe,,image,https://www.instagram.com/p/DThsUKJEstv/
jomok_15.webp,,safe,,image,https://www.instagram.com/p/DRqy2bPATtT/
jomok_151.webp,,safe,,image,https://www.instagram.com/p/DThsUKJEstv/
jomok_152.webp,,safe,,image,https://www.instagram.com/p/DThsUKJEstv/
jomok_153.webp,,safe,,image,https://www.instagram.com/p/DThsUKJEstv/
jomok_16.webp,,safe,,image,https://www.instagram.com/p/DRrhIzYgZ4k/
jomok_162.webp,,safe,,image,https://www.instagram.com/p/DTw9hsGj6B2/
jomok_163.webp,,safe,,image,https://www.instagram.com/p/DTw9hsGj6B2/
jomok_164.webp,,safe,,image,https://www.instagram.com/p/DTw9hsGj6B2/
jomok_166.webp,,safe,,image,https://www.instagram.com/p/DTzF39_kwh5/
jomok_167.webp,,safe,,image,https://www.instagram.com/p/DTzF39_kwh5/
jomok_168.webp,,safe,,image,https://www.instagram.com/p/DTzF39_kwh5/
jomok_169.webp,,safe,,image,https://www.instagram.com/p/DTzF39_kwh5/
jomok_170.webp,,safe,,image,https://www.instagram.com/p/DTzF39_kwh5/
jomok_176.webp,,safe,,image,https://www.instagram.com/p/DT9NAPvkR1w/
jomok_177.webp,,safe,,image,https://www.instagram.com/p/DT-DqZZAawu/
jomok_178.webp,,safe,,image,https://www.instagram.com/p/DT-DqZZAawu/
jomok_181.webp,,safe,,image,https://www.instagram.com/p/DUBqXF0k4YJ/
jomok_184.webp,,safe,,image,https://www.instagram.com/p/DUFnPXYkXKh/
jomok_185.webp,,safe,,image,https://www.instagram.com/p/DUFnPXYkXKh/
jomok_188.webp,,safe,,image,https://www.instagram.com/p/DUFnPXYkXKh/
jomok_189.webp,,safe,,image,https://www.instagram.com/p/DUFnPXYkXKh/
jomok_194.webp,,safe,,image,https://www.instagram.com/p/DUFnPXYkXKh/
jomok_195.webp,,safe,,image,https://www.instagram.com/p/DUFnPXYkXKh/
jomok_196.webp,,safe,,image,https://www.instagram.com/p/DUFnPXYkXKh/
jomok_2.webp,,safe,,image,https://www.instagram.com/p/DRguA5bEh1S/
jomok_206.webp,,safe,,image,https://www.instagram.com/p/DUU1opukRRP/
jomok_207.webp,,safe,,image,https://www.instagram.com/p/DUXE3VWko0v/
jomok_21.webp,,safe,,image,https://www.instagram.com/p/DRy4lGEgZBY/
jomok_216.webp,,safe,,image,https://www.instagram.com/p/DUmcjoLksg_/
jomok_222.webp,,safe,,image,https://www.instagram.com/p/DUsFwWrEuEk/
jomok_223.webp,,safe,,image,https://www.instagram.com/p/DUsFwWrEuEk/
jomok_226.webp,,safe,,image,https://www.instagram.com/p/DUvUAHbEjhz/
jomok_228.webp,,safe,,image,https://www.instagram.com/p/DUvUAHbEjhz/
jomok_23.webp,,safe,,image,https://www.instagram.com/p/DR0kh_DkrNC/
jomok_237.webp,,safe,,image,https://www.instagram.com/p/DUxtLllCR36/
jomok_238.webp,,safe,,image,https://www.instagram.com/p/DUxtLllCR36/
jomok_239.webp,,safe,,image,https://www.instagram.com/p/DUxtLllCR36/
jomok_240.webp,,safe,,image,https://www.instagram.com/p/DUxtLllCR36/
jomok_242.webp,,safe,,image,https://www.instagram.com/p/DUxtLllCR36/
jomok_245.webp,,safe,,image,https://www.instagram.com/p/DUz0CzVj_a8/
jomok_25.jpg,,safe,,image,https://www.instagram.com/p/DR3wFbCks2r/
jomok_266.jpg,,safe,,image,https://www.instagram.com/p/DVKBK0Njf_8/
jomok_267.jpg,,safe,,image,https://www.instagram.com/p/DVKBK0Njf_8/
jomok_269.webp,,safe,,image,https://www.instagram.com/p/DVK-RLUD1Ny/
jomok_273.jpg,,safe,,image,https://www.instagram.com/p/DVNMaL9EUYq/
jomok_275.webp,,safe,,image,https://www.instagram.com/p/DVOF_rmk-p0/
jomok_278.jpg,,safe,,image,https://www.instagram.com/p/DVSNrFWkhEP/
jomok_280.jpg,,safe,,image,https://www.instagram.com/p/DVSNrFWkhEP/
jomok_282.jpg,,safe,,image,https://www.instagram.com/p/DVS6SckAfsZ/
jomok_283.webp,,safe,,image,https://www.instagram.com/p/DVV1FMukTd2/
jomok_285.webp,,safe,,image,https://www.instagram.com/p/DVX7rC5EoEJ/
jomok_286.webp,,safe,,image,https://www.instagram.com/p/DVX7rC5EoEJ/
jomok_29.jpg,,safe,,image,https://www.instagram.com/p/DR7N4hMgcwE/
jomok_292.webp,,safe,,image,https://www.instagram.com/p/DVjOo5Jj22q/
jomok_294.webp,,safe,,image,https://www.instagram.com/p/DVjOo5Jj22q/
jomok_295.webp,,safe,,image,https://www.instagram.com/p/DVjOo5Jj22q/
jomok_296.webp,,safe,,image,https://www.instagram.com/p/DVjOo5Jj22q/
jomok_298.jpg,,safe,,image,https://www.instagram.com/p/DVkckzKjzEc/
jomok_299.jpg,,safe,,image,https://www.instagram.com/p/DVkckzKjzEc/
jomok_36.jpg,,safe,,image,https://www.instagram.com/p/DR7Pt72gZVK/
jomok_39.webp,,safe,,image,https://www.instagram.com/p/DR_LMytD5sr/
jomok_40.webp,,safe,,image,https://www.instagram.com/p/DR_LMytD5sr/
jomok_41.webp,,safe,,image,https://www.instagram.com/p/DR_LMytD5sr/
jomok_42.webp,,safe,,image,https://www.instagram.com/p/DR_LMytD5sr/
jomok_44.webp,,safe,,image,https://www.instagram.com/p/DR_yk6dkibr/
jomok_46.webp,,safe,,image,https://www.instagram.com/p/DR_yk6dkibr/
jomok_47.webp,,safe,,image,https://www.instagram.com/p/DR_yk6dkibr/
jomok_50.webp,,safe,,image,https://www.instagram.com/p/DSDBb1Xkt06/
jomok_52.webp,,safe,,image,https://www.instagram.com/p/DSGvbe9Ac3o/
jomok_55.webp,,safe,,image,https://www.instagram.com/p/DSKUIWMCUMg/
jomok_58.webp,,safe,,image,https://www.instagram.com/p/DSKUIWMCUMg/
jomok_59.webp,,safe,,image,https://www.instagram.com/p/DSKUIWMCUMg/
jomok_65.webp,,safe,,image,https://www.instagram.com/p/DSOmYL4E6sJ/
jomok_73.webp,,safe,,image,https://www.instagram.com/p/DSPiNYdgfS6/
jomok_78.webp,,safe,,image,https://www.instagram.com/p/DSZ1uIkgczD/
jomok_80.webp,,safe,,image,https://www.instagram.com/p/DSaUk0JAbMi/
jomok_82.webp,,safe,,image,https://www.instagram.com/p/DScIfGxEVuZ/
jomok_84.webp,,safe,,image,https://www.instagram.com/p/DSquFTvgTmM/
jomok_86.webp,,safe,,image,https://www.instagram.com/p/DSr9n7kkXh-/
jomok_87.webp,,safe,,image,https://www.instagram.com/p/DSwN6xTEofC/
jomok_97.webp,,safe,,image,https://www.instagram.com/p/DS8FXsIkuFC/
jomok_98.webp,,safe,,image,https://www.instagram.com/p/DS8GUaTEh-m/
jomok_1.webp,,unsafe,inappropriate_humor,image,https://www.instagram.com/p/DRggnRnEdYG/
jomok_10.webp,,unsafe,inappropriate_humor,image,https://www.instagram.com/p/DRhuPEPjGG6/
jomok_100.webp,,unsafe,inappropriate_humor,image,https://www.instagram.com/p/DS8GUaTEh-m/
jomok_101.webp,,unsafe,inappropriate_humor,image,https://www.instagram.com/p/DS8G7RsEsss/
jomok_102.webp,,unsafe,inappropriate_humor,image,https://www.instagram.com/p/DS8G7RsEsss/
jomok_103.webp,,unsafe,inappropriate_humor,image,https://www.instagram.com/p/DS8G7RsEsss/
jomok_104.webp,,unsafe,inappropriate_humor,image,https://www.instagram.com/p/DS_zoN7kTAK/
jomok_105.webp,,unsafe,inappropriate_humor,image,https://www.instagram.com/p/DTE5F92kuqN/
jomok_106.webp,,unsafe,inappropriate_humor,image,https://www.instagram.com/p/DTE5F92kuqN/
jomok_107.webp,,unsafe,inappropriate_humor,image,https://www.instagram.com/p/DTE5F92kuqN/
jomok_108.webp,,unsafe,inappropriate_humor,image,https://www.instagram.com/p/DTE5F92kuqN/
jomok_111.webp,,unsafe,inappropriate_humor,image,https://www.instagram.com/p/DTFfsLwjy0y/
jomok_114.webp,,unsafe,inappropriate_humor,image,https://www.instagram.com/p/DTHTy91Ej6p/
jomok_115.webp,,unsafe,inappropriate_humor,image,https://www.instagram.com/p/DTI71pnEpUH/
jomok_116.webp,,unsafe,inappropriate_humor,image,https://www.instagram.com/p/DTKNM_Dkb9C/
jomok_117.webp,,unsafe,inappropriate_humor,image,https://www.instagram.com/p/DTKNM_Dkb9C/
jomok_118.webp,,unsafe,inappropriate_humor,image,https://www.instagram.com/p/DTOg_v7k5SU/
jomok_12.webp,,unsafe,inappropriate_humor,image,https://www.instagram.com/p/DRliIVuAYGZ/
jomok_121.webp,,unsafe,inappropriate_humor,image,https://www.instagram.com/p/DTP8aDfkgYm/
jomok_123.webp,,unsafe,inappropriate_humor,image,https://www.instagram.com/p/DTP8aDfkgYm/
jomok_124.webp,,unsafe,inappropriate_humor,image,https://www.instagram.com/p/DTP8aDfkgYm/
jomok_125.webp,,unsafe,inappropriate_humor,image,https://www.instagram.com/p/DTQDUwLEtcZ/
jomok_127.webp,,unsafe,inappropriate_humor,image,https://www.instagram.com/p/DTSOE5XE-Pr/
jomok_128.jpg,,unsafe,inappropriate_humor,image,https://www.instagram.com/p/DTSbLlyE8L7/
jomok_129.jpg,,unsafe,inappropriate_humor,image,https://www.instagram.com/p/DTSbLlyE8L7/
jomok_130.webp,,unsafe,inappropriate_humor,image,https://www.instagram.com/p/DTSc4e6ktY6/
jomok_131.webp,,unsafe,inappropriate_humor,image,https://www.instagram.com/p/DTXst1uiSdL/
jomok_145.webp,,unsafe,inappropriate_humor,image,https://www.instagram.com/p/DTep5XHDxwI/
jomok_146.webp,,unsafe,inappropriate_humor,image,https://www.instagram.com/p/DTe53dsk3P4/
jomok_148.webp,,unsafe,inappropriate_humor,image,https://www.instagram.com/p/DTf3wgKAZ0t/
jomok_150.webp,,unsafe,inappropriate_humor,image,https://www.instagram.com/p/DThsUKJEstv/
jomok_154.webp,,unsafe,inappropriate_humor,image,https://www.instagram.com/p/DThsUKJEstv/
jomok_155.webp,,unsafe,inappropriate_humor,image,https://www.instagram.com/p/DTmUA_kk3rN/
jomok_156.webp,,unsafe,inappropriate_humor,image,https://www.instagram.com/p/DTn9bc8Exfc/
jomok_157.webp,,unsafe,inappropriate_humor,image,https://www.instagram.com/p/DToct8GkuGb/
jomok_158.webp,,unsafe,inappropriate_humor,image,https://www.instagram.com/p/DTo8ICPkUM6/
jomok_159.webp,,unsafe,inappropriate_humor,image,https://www.instagram.com/p/DTo8ICPkUM6/
jomok_160.webp,,unsafe,inappropriate_humor,image,https://www.instagram.com/p/DTsWeutkVbr/
jomok_161.webp,,unsafe,inappropriate_humor,image,https://www.instagram.com/p/DTuFHh9ET3n/
jomok_165.webp,,unsafe,inappropriate_humor,image,https://www.instagram.com/p/DTxLpM7kqVw/
jomok_17.webp,,unsafe,inappropriate_humor,image,https://www.instagram.com/p/DRsFUXegdmT/
jomok_171.webp,,unsafe,inappropriate_humor,image,https://www.instagram.com/p/DT0CeLcEUhF/
jomok_172.webp,,unsafe,inappropriate_humor,image,https://www.instagram.com/p/DT1mxI5kZbE/
jomok_173.webp,,unsafe,inappropriate_humor,image,https://www.instagram.com/p/DT2sk2vkQOg/
jomok_174.webp,,unsafe,inappropriate_humor,image,https://www.instagram.com/p/DT36-pMD2ZC/
jomok_175.webp,,unsafe,inappropriate_humor,image,https://www.instagram.com/p/DT5Mroyk_kG/
jomok_179.webp,,unsafe,inappropriate_humor,image,https://www.instagram.com/p/DT_vG0Zks0I/
jomok_18.webp,,unsafe,inappropriate_humor,image,https://www.instagram.com/p/DRsFUXegdmT/
jomok_180.webp,,unsafe,inappropriate_humor,image,https://www.instagram.com/p/DUAH8Uakb75/
jomok_182.webp,,unsafe,inappropriate_humor,image,https://www.instagram.com/p/DUC1z2XEYiN/
jomok_183.webp,,unsafe,inappropriate_humor,image,https://www.instagram.com/p/DUFnPXYkXKh/
jomok_186.webp,,unsafe,inappropriate_humor,image,https://www.instagram.com/p/DUFnPXYkXKh/
jomok_187.webp,,unsafe,inappropriate_humor,image,https://www.instagram.com/p/DUFnPXYkXKh/
jomok_19.webp,,unsafe,inappropriate_humor,image,https://www.instagram.com/p/DRsFUXegdmT/
jomok_190.webp,,unsafe,inappropriate_humor,image,https://www.instagram.com/p/DUFnPXYkXKh/
jomok_191.webp,,unsafe,inappropriate_humor,image,https://www.instagram.com/p/DUFnPXYkXKh/
jomok_192.webp,,unsafe,inappropriate_humor,image,https://www.instagram.com/p/DUFnPXYkXKh/
jomok_193.webp,,unsafe,inappropriate_humor,image,https://www.instagram.com/p/DUFnPXYkXKh/
jomok_197.webp,,unsafe,inappropriate_humor,image,https://www.instagram.com/p/DUFnPXYkXKh/
jomok_198.webp,,unsafe,inappropriate_humor,image,https://www.instagram.com/p/DUFnPXYkXKh/
jomok_199.webp,,unsafe,inappropriate_humor,image,https://www.instagram.com/p/DUFnPXYkXKh/
jomok_20.webp,,unsafe,inappropriate_humor,image,https://www.instagram.com/p/DRsFUXegdmT/
jomok_200.webp,,unsafe,inappropriate_humor,image,https://www.instagram.com/p/DUFnPXYkXKh/
jomok_201.webp,,unsafe,inappropriate_humor,image,https://www.instagram.com/p/DUFnPXYkXKh/
jomok_202.webp,,unsafe,inappropriate_humor,image,https://www.instagram.com/p/DUFnPXYkXKh/
jomok_203.webp,,unsafe,inappropriate_humor,image,https://www.instagram.com/p/DUGH-62iaHg/
jomok_204.webp,,unsafe,inappropriate_humor,image,https://www.instagram.com/p/DUIuav-EhBW/
jomok_205.webp,,unsafe,inappropriate_humor,image,https://www.instagram.com/p/DUKfJdREWFB/
jomok_208.webp,,unsafe,inappropriate_humor,image,https://www.instagram.com/p/DUas-xzEWdn/
jomok_209.webp,,unsafe,inappropriate_humor,image,https://www.instagram.com/p/DUas-xzEWdn/
jomok_210.webp,,unsafe,inappropriate_humor,image,https://www.instagram.com/p/DUas-xzEWdn/
jomok_211.webp,,unsafe,inappropriate_humor,image,https://www.instagram.com/p/DUf4UoAEUDs/
jomok_212.webp,,unsafe,inappropriate_humor,image,https://www.instagram.com/p/DUiCbTLE-nW/
jomok_213.webp,,unsafe,inappropriate_humor,image,https://www.instagram.com/p/DUieoDZEXCZ/
jomok_214.webp,,unsafe,inappropriate_humor,image,https://www.instagram.com/p/DUiqmzIASx1/
jomok_215.jpg,,unsafe,inappropriate_humor,image,https://www.instagram.com/p/DUj5wn5DB6z/
jomok_217.webp,,unsafe,inappropriate_humor,image,https://www.instagram.com/p/DUn2vMjCYUN/
jomok_218.webp,,unsafe,inappropriate_humor,image,https://www.instagram.com/p/DUpn7GzEfrl/
jomok_219.webp,,unsafe,inappropriate_humor,image,https://www.instagram.com/p/DUpvTzDkWwR/
jomok_22.webp,,unsafe,inappropriate_humor,image,https://www.instagram.com/p/DRzOnB5gThR/
jomok_220.webp,,unsafe,inappropriate_humor,image,https://www.instagram.com/p/DUpvTzDkWwR/
jomok_221.webp,,unsafe,inappropriate_humor,image,https://www.instagram.com/p/DUqRVmskYsK/
jomok_224.webp,,unsafe,inappropriate_humor,image,https://www.instagram.com/p/DUujMTmkcsy/
jomok_225.webp,,unsafe,inappropriate_humor,image,https://www.instagram.com/p/DUvUAHbEjhz/
jomok_227.webp,,unsafe,inappropriate_humor,image,https://www.instagram.com/p/DUvUAHbEjhz/
jomok_229.webp,,unsafe,inappropriate_humor,image,https://www.instagram.com/p/DUvUAHbEjhz/
jomok_230.webp,,unsafe,inappropriate_humor,image,https://www.instagram.com/p/DUwl5Bqk5Rh/
jomok_231.webp,,unsafe,inappropriate_humor,image,https://www.instagram.com/p/DUwl5Bqk5Rh/
jomok_232.webp,,unsafe,inappropriate_humor,image,https://www.instagram.com/p/DUwl5Bqk5Rh/
jomok_233.webp,,unsafe,inappropriate_humor,image,https://www.instagram.com/p/DUwl5Bqk5Rh/
jomok_234.webp,,unsafe,inappropriate_humor,image,https://www.instagram.com/p/DUwl5Bqk5Rh/
jomok_235.webp,,unsafe,inappropriate_humor,image,https://www.instagram.com/p/DUwl5Bqk5Rh/
jomok_236.webp,,unsafe,inappropriate_humor,image,https://www.instagram.com/p/DUxtLllCR36/
jomok_24.webp,,unsafe,inappropriate_humor,image,https://www.instagram.com/p/DR1dur4gZUT/
jomok_241.webp,,unsafe,inappropriate_humor,image,https://www.instagram.com/p/DUxtLllCR36/
jomok_243.webp,,unsafe,inappropriate_humor,image,https://www.instagram.com/p/DUz0CzVj_a8/
jomok_244.webp,,unsafe,inappropriate_humor,image,https://www.instagram.com/p/DUz0CzVj_a8/
jomok_246.webp,,unsafe,inappropriate_humor,image,https://www.instagram.com/p/DUz0CzVj_a8/
jomok_247.webp,,unsafe,inappropriate_humor,image,https://www.instagram.com/p/DUz0CzVj_a8/
jomok_248.webp,,unsafe,inappropriate_humor,image,https://www.instagram.com/p/DU0F6fAEl0P/
jomok_249.jpg,,unsafe,inappropriate_humor,image,https://www.instagram.com/p/DU2noqzk0p6/
jomok_250.webp,,unsafe,inappropriate_humor,image,https://www.instagram.com/p/DU3C4WYEUhX/
jomok_251.webp,,unsafe,inappropriate_humor,image,https://www.instagram.com/p/DU4qA7tk82x/
jomok_252.webp,,unsafe,inappropriate_humor,image,https://www.instagram.com/p/DU4qA7tk82x/
jomok_253.webp,,unsafe,inappropriate_humor,image,https://www.instagram.com/p/DU4qA7tk82x/
jomok_254.webp,,unsafe,inappropriate_humor,image,https://www.instagram.com/p/DU4qA7tk82x/
jomok_255.webp,,unsafe,inappropriate_humor,image,https://www.instagram.com/p/DU4qA7tk82x/
jomok_256.webp,,unsafe,inappropriate_humor,image,https://www.instagram.com/p/DU4tYoqEoyh/
jomok_257.webp,,unsafe,inappropriate_humor,image,https://www.instagram.com/p/DU5OtbsE-67/
jomok_258.jpg,,unsafe,inappropriate_humor,image,https://www.instagram.com/p/DU8F5BKCVKe/
jomok_259.jpg,,unsafe,inappropriate_humor,image,https://www.instagram.com/p/DU8F5BKCVKe/
jomok_26.jpg,,unsafe,inappropriate_humor,image,https://www.instagram.com/p/DR3wFbCks2r/
jomok_260.webp,,unsafe,inappropriate_humor,image,https://www.instagram.com/p/DU8R47WEeTJ/
jomok_261.webp,,unsafe,inappropriate_humor,image,https://www.instagram.com/p/DU-NIglEpC5/
jomok_262.webp,,unsafe,inappropriate_humor,image,https://www.instagram.com/p/DU-3YXtkw6Z/
jomok_263.webp,,unsafe,inappropriate_humor,image,https://www.instagram.com/p/DVBWj0OEmqg/
jomok_264.webp,,unsafe,inappropriate_humor,image,https://www.instagram.com/p/DVDJqozkbl8/
jomok_265.jpg,,unsafe,inappropriate_humor,image,https://www.instagram.com/p/DVKBK0Njf_8/
jomok_268.jpg,,unsafe,inappropriate_humor,image,https://www.instagram.com/p/DVKEYMpkluu/
jomok_27.webp,,unsafe,inappropriate_humor,image,https://www.instagram.com/p/DR6FkK3kqCj/
jomok_270.webp,,unsafe,inappropriate_humor,image,https://www.instagram.com/p/DVLwsmfgXvS/
jomok_271.webp,,unsafe,inappropriate_humor,image,https://www.instagram.com/p/DVLwsmfgXvS/
jomok_272.webp,,unsafe,inappropriate_humor,image,https://www.instagram.com/p/DVLy9_FkXEU/
jomok_274.webp,,unsafe,inappropriate_humor,image,https://www.instagram.com/p/DVOF5-mkeWp/
jomok_276.webp,,unsafe,inappropriate_humor,image,https://www.instagram.com/p/DVQq5IYkaF6/
jomok_277.webp,,unsafe,inappropriate_humor,image,https://www.instagram.com/p/DVQ6M8tE83h/
jomok_279.jpg,,unsafe,inappropriate_humor,image,https://www.instagram.com/p/DVSNrFWkhEP/
jomok_28.webp,,unsafe,inappropriate_humor,image,https://www.instagram.com/p/DR6aZHMAahQ/
jomok_281.jpg,,unsafe,inappropriate_humor,image,https://www.instagram.com/p/DVS6SckAfsZ/
jomok_284.webp,,unsafe,inappropriate_humor,image,https://www.instagram.com/p/DVX7rC5EoEJ/
jomok_287.webp,,unsafe,inappropriate_humor,image,https://www.instagram.com/p/DVX7rC5EoEJ/
jomok_288.webp,,unsafe,inappropriate_humor,image,https://www.instagram.com/p/DVYZ8xFEWPB/
jomok_289.webp,,unsafe,inappropriate_humor,image,https://www.instagram.com/p/DVdhD1vgcan/
jomok_290.webp,,unsafe,inappropriate_humor,image,https://www.instagram.com/p/DVfrpnikbdw/
jomok_291.webp,,unsafe,inappropriate_humor,image,https://www.instagram.com/p/DVgIG3LEanc/
jomok_293.webp,,unsafe,inappropriate_humor,image,https://www.instagram.com/p/DVjOo5Jj22q/
jomok_297.webp,,unsafe,inappropriate_humor,image,https://www.instagram.com/p/DVjOo5Jj22q/
jomok_3.webp,,unsafe,inappropriate_humor,image,https://www.instagram.com/p/DRguA5bEh1S/
jomok_30.jpg,,unsafe,inappropriate_humor,image,https://www.instagram.com/p/DR7N4hMgcwE/
jomok_300.webp,,unsafe,inappropriate_humor,image,https://www.instagram.com/p/DVlUQRREf-E/
jomok_31.jpg,,unsafe,inappropriate_humor,image,https://www.instagram.com/p/DR7OglbgWDA/
jomok_32.jpg,,unsafe,inappropriate_humor,image,https://www.instagram.com/p/DR7OglbgWDA/
jomok_33.jpg,,unsafe,inappropriate_humor,image,https://www.instagram.com/p/DR7O_oKgapJ/
jomok_34.jpg,,unsafe,inappropriate_humor,image,https://www.instagram.com/p/DR7O_oKgapJ/
jomok_35.jpg,,unsafe,inappropriate_humor,image,https://www.instagram.com/p/DR7Pt72gZVK/
jomok_37.webp,,unsafe,inappropriate_humor,image,https://www.instagram.com/p/DR84O46gY7K/
jomok_38.webp,,unsafe,inappropriate_humor,image,https://www.instagram.com/p/DR9ka1GEsiN/
jomok_4.webp,,unsafe,inappropriate_humor,image,https://www.instagram.com/p/DRguA5bEh1S/
jomok_43.webp,,unsafe,inappropriate_humor,image,https://www.instagram.com/p/DR_vsWEgV62/
jomok_45.webp,,unsafe,inappropriate_humor,image,https://www.instagram.com/p/DR_yk6dkibr/
jomok_48.webp,,unsafe,inappropriate_humor,image,https://www.instagram.com/p/DR_yk6dkibr/
jomok_49.webp,,unsafe,inappropriate_humor,image,https://www.instagram.com/p/DSCdHAtAf_L/
jomok_5.webp,,unsafe,inappropriate_humor,image,https://www.instagram.com/p/DRguA5bEh1S/
jomok_51.webp,,unsafe,inappropriate_humor,image,https://www.instagram.com/p/DSDBb1Xkt06/
jomok_53.webp,,unsafe,inappropriate_humor,image,https://www.instagram.com/p/DSHYWEhAWeV/
jomok_54.webp,,unsafe,inappropriate_humor,image,https://www.instagram.com/p/DSKO6Chgdtq/
jomok_56.webp,,unsafe,inappropriate_humor,image,https://www.instagram.com/p/DSKUIWMCUMg/
jomok_57.webp,,unsafe,inappropriate_humor,image,https://www.instagram.com/p/DSKUIWMCUMg/
jomok_6.webp,,unsafe,inappropriate_humor,image,https://www.instagram.com/p/DRg483tgciN/
jomok_60.webp,,unsafe,inappropriate_humor,image,https://www.instagram.com/p/DSMZUAykTpU/
jomok_61.webp,,unsafe,inappropriate_humor,image,https://www.instagram.com/p/DSMhhTzAfwr/
jomok_62.webp,,unsafe,inappropriate_humor,image,https://www.instagram.com/p/DSOmYL4E6sJ/
jomok_63.webp,,unsafe,inappropriate_humor,image,https://www.instagram.com/p/DSOmYL4E6sJ/
jomok_64.webp,,unsafe,inappropriate_humor,image,https://www.instagram.com/p/DSOmYL4E6sJ/
jomok_66.webp,,unsafe,inappropriate_humor,image,https://www.instagram.com/p/DSOmYL4E6sJ/
jomok_67.webp,,unsafe,inappropriate_humor,image,https://www.instagram.com/p/DSOmYL4E6sJ/
jomok_68.webp,,unsafe,inappropriate_humor,image,https://www.instagram.com/p/DSOmYL4E6sJ/
jomok_69.webp,,unsafe,inappropriate_humor,image,https://www.instagram.com/p/DSOmYL4E6sJ/
jomok_7.webp,,unsafe,inappropriate_humor,image,https://www.instagram.com/p/DRhMv99ga_R/
jomok_70.webp,,unsafe,inappropriate_humor,image,https://www.instagram.com/p/DSOmYL4E6sJ/
jomok_71.webp,,unsafe,inappropriate_humor,image,https://www.instagram.com/p/DSOmYL4E6sJ/
jomok_72.webp,,unsafe,inappropriate_humor,image,https://www.instagram.com/p/DSPAs7ZAUmu/
jomok_74.webp,,unsafe,inappropriate_humor,image,https://www.instagram.com/p/DSTt0IdEi2u/
jomok_75.webp,,unsafe,inappropriate_humor,image,https://www.instagram.com/p/DSVUFcYEjGU/
jomok_76.webp,,unsafe,inappropriate_humor,image,https://www.instagram.com/p/DSW5qdlAZku/
jomok_77.webp,,unsafe,inappropriate_humor,image,https://www.instagram.com/p/DSZHkYekWBV/
jomok_79.webp,,unsafe,inappropriate_humor,image,https://www.instagram.com/p/DSaUk0JAbMi/
jomok_8.webp,,unsafe,inappropriate_humor,image,https://www.instagram.com/p/DRhuPEPjGG6/
jomok_81.webp,,unsafe,inappropriate_humor,image,https://www.instagram.com/p/DSaUk0JAbMi/
jomok_83.webp,,unsafe,inappropriate_humor,image,https://www.instagram.com/p/DSostjbERib/
jomok_85.webp,,unsafe,inappropriate_humor,image,https://www.instagram.com/p/DSquFTvgTmM/
jomok_88.jpg,,unsafe,inappropriate_humor,image,https://www.instagram.com/p/DSy_VFoEt5G/
jomok_89.webp,,unsafe,inappropriate_humor,image,https://www.instagram.com/p/DS2K3XUkcr5/
jomok_9.webp,,unsafe,inappropriate_humor,image,https://www.instagram.com/p/DRhuPEPjGG6/
jomok_90.webp,,unsafe,inappropriate_humor,image,https://www.instagram.com/p/DS2K3XUkcr5/
jomok_91.webp,,unsafe,inappropriate_humor,image,https://www.instagram.com/p/DS3lXwwkpgW/
jomok_92.webp,,unsafe,inappropriate_humor,image,https://www.instagram.com/p/DS5Plk0kzHd/
jomok_93.webp,,unsafe,inappropriate_humor,image,https://www.instagram.com/p/DS6pnSHkUg4/
jomok_94.webp,,unsafe,inappropriate_humor,image,https://www.instagram.com/p/DS7eSoBkWTS/
jomok_95.webp,,unsafe,inappropriate_humor,image,https://www.instagram.com/p/DS8FXsIkuFC/
jomok_96.webp,,unsafe,inappropriate_humor,image,https://www.instagram.com/p/DS8FXsIkuFC/
jomok_99.webp,,unsafe,inappropriate_humor,image,https://www.instagram.com/p/DS8GUaTEh-m/
